encrypted_image,reference_image,ground_truth,visual_quality
airport.bmp,airport.bmp,1.0,6.0
airport_01_1.j2k,airport.bmp,0.2,0.14285714285714285
airport_01_2.j2k,airport.bmp,0.2,0.19047619047619047
airport_01_3.j2k,airport.bmp,0.2,0.7142857142857143
airport_01_4.j2k,airport.bmp,0.22999999999999998,1.8571428571428572
airport_01_5.j2k,airport.bmp,0.31,3.2857142857142856
airport_02_1.jpg,airport.bmp,0.2,0.0
airport_02_2.jpg,airport.bmp,0.22999999999999998,1.6666666666666667
airport_02_3.jpg,airport.bmp,0.25,2.2857142857142856
airport_02_4.jpg,airport.bmp,0.27999999999999997,2.9523809523809526
airport_02_5.jpg,airport.bmp,0.38,3.6666666666666665
airport_02_6.jpg,airport.bmp,0.45999999999999996,4.333333333333333
airport_03_1.j2k,airport.bmp,0.2,0.19047619047619047
airport_03_2.j2k,airport.bmp,0.22999999999999998,1.619047619047619
airport_03_3.j2k,airport.bmp,0.21000000000000002,1.619047619047619
airport_03_4.j2k,airport.bmp,0.29,2.857142857142857
airport_03_5.j2k,airport.bmp,0.49000000000000005,4.285714285714286
airport_03_6.j2k,airport.bmp,0.77,5.428571428571429
airport_04_1.j2k,airport.bmp,0.2,0.19047619047619047
airport_04_2.j2k,airport.bmp,0.2,1.380952380952381
airport_04_3.j2k,airport.bmp,0.21000000000000002,1.9047619047619047
airport_04_4.j2k,airport.bmp,0.32,2.857142857142857
airport_04_5.j2k,airport.bmp,0.44000000000000006,4.0476190476190474
airport_05_1.j2k,airport.bmp,0.2,0.0
airport_05_2.j2k,airport.bmp,0.2,0.9047619047619048
airport_05_3.j2k,airport.bmp,0.21000000000000002,1.5714285714285714
airport_05_4.j2k,airport.bmp,0.24,2.1904761904761907
airport_05_5.j2k,airport.bmp,0.3,3.0476190476190474
airport_06_1.j2k,airport.bmp,0.2,0.23809523809523808
airport_06_2.j2k,airport.bmp,0.24,2.0952380952380953
airport_06_3.j2k,airport.bmp,0.38,3.4761904761904763
airport_06_4.j2k,airport.bmp,0.5900000000000001,4.761904761904762
airport_06_5.j2k,airport.bmp,0.8099999999999999,5.523809523809524
airport_07_1.bmp,airport.bmp,0.2,0.0
airport_07_2.bmp,airport.bmp,0.22999999999999998,2.5238095238095237
airport_07_3.bmp,airport.bmp,0.29,3.142857142857143
airport_07_4.bmp,airport.bmp,0.39,4.0476190476190474
airport_07_5.bmp,airport.bmp,0.6,4.904761904761905
airport_07_6.bmp,airport.bmp,0.8699999999999999,5.523809523809524
airport_08_1.bmp,airport.bmp,0.2,0.0
airport_08_2.bmp,airport.bmp,0.2,0.0
airport_08_3.bmp,airport.bmp,0.2,0.047619047619047616
airport_08_4.bmp,airport.bmp,0.2,0.8571428571428571
airport_09_1.bmp,airport.bmp,0.2,0.0
airport_09_2.bmp,airport.bmp,0.2,0.5714285714285714
airport_09_3.bmp,airport.bmp,0.21000000000000002,1.2380952380952381
airport_09_4.bmp,airport.bmp,0.22000000000000003,2.2857142857142856
airport_09_5.bmp,airport.bmp,0.26,3.5238095238095237
airport_09_6.bmp,airport.bmp,0.44000000000000006,4.857142857142857
airport_10_1.bmp,airport.bmp,0.2,0.0
airport_10_2.bmp,airport.bmp,0.2,0.3333333333333333
airport_10_3.bmp,airport.bmp,0.22000000000000003,1.8571428571428572
airport_10_4.bmp,airport.bmp,0.25,2.5238095238095237
airport_10_5.bmp,airport.bmp,0.39,3.6666666666666665
airport_10_6.bmp,airport.bmp,0.5700000000000001,4.714285714285714
animal.bmp,animal.bmp,1.0,6.0
animal_01_1.j2k,animal.bmp,0.2,0.14285714285714285
animal_01_2.j2k,animal.bmp,0.2,1.0952380952380953
animal_01_3.j2k,animal.bmp,0.21000000000000002,1.4761904761904763
animal_01_4.j2k,animal.bmp,0.29,2.4285714285714284
animal_01_5.j2k,animal.bmp,0.42000000000000004,3.6666666666666665
animal_02_1.jpg,animal.bmp,0.2,0.0
animal_02_2.jpg,animal.bmp,0.22999999999999998,1.6666666666666667
animal_02_3.jpg,animal.bmp,0.26,2.142857142857143
animal_02_4.jpg,animal.bmp,0.32,2.9047619047619047
animal_02_5.jpg,animal.bmp,0.42000000000000004,3.619047619047619
animal_02_6.jpg,animal.bmp,0.52,4.285714285714286
animal_03_1.j2k,animal.bmp,0.2,0.047619047619047616
animal_03_2.j2k,animal.bmp,0.2,0.9523809523809523
animal_03_3.j2k,animal.bmp,0.2,0.7142857142857143
animal_03_4.j2k,animal.bmp,0.22000000000000003,1.6666666666666667
animal_03_5.j2k,animal.bmp,0.42000000000000004,3.1904761904761907
animal_03_6.j2k,animal.bmp,0.79,5.380952380952381
animal_04_1.j2k,animal.bmp,0.2,0.047619047619047616
animal_04_2.j2k,animal.bmp,0.21000000000000002,1.1428571428571428
animal_04_3.j2k,animal.bmp,0.25,1.9047619047619047
animal_04_4.j2k,animal.bmp,0.5599999999999999,4.333333333333333
animal_04_5.j2k,animal.bmp,0.7,5.333333333333333
animal_05_1.j2k,animal.bmp,0.2,0.047619047619047616
animal_05_2.j2k,animal.bmp,0.2,0.7619047619047619
animal_05_3.j2k,animal.bmp,0.2,1.5238095238095237
animal_05_4.j2k,animal.bmp,0.24,2.2857142857142856
animal_05_5.j2k,animal.bmp,0.3,3.142857142857143
animal_06_1.j2k,animal.bmp,0.2,0.23809523809523808
animal_06_2.j2k,animal.bmp,0.27999999999999997,2.0
animal_06_3.j2k,animal.bmp,0.49000000000000005,3.9047619047619047
animal_06_4.j2k,animal.bmp,0.75,5.380952380952381
animal_06_5.j2k,animal.bmp,0.9,5.857142857142857
animal_07_1.bmp,animal.bmp,0.2,0.0
animal_07_2.bmp,animal.bmp,0.22000000000000003,1.1428571428571428
animal_07_3.bmp,animal.bmp,0.26,1.7619047619047619
animal_07_4.bmp,animal.bmp,0.4,2.857142857142857
animal_07_5.bmp,animal.bmp,0.65,4.380952380952381
animal_07_6.bmp,animal.bmp,0.8699999999999999,5.523809523809524
animal_08_1.bmp,animal.bmp,0.2,0.0
animal_08_2.bmp,animal.bmp,0.2,0.0
animal_08_3.bmp,animal.bmp,0.2,0.09523809523809523
animal_08_4.bmp,animal.bmp,0.2,0.6190476190476191
animal_09_1.bmp,animal.bmp,0.2,0.0
animal_09_2.bmp,animal.bmp,0.2,0.42857142857142855
animal_09_3.bmp,animal.bmp,0.21000000000000002,0.9523809523809523
animal_09_4.bmp,animal.bmp,0.22999999999999998,1.4761904761904763
animal_09_5.bmp,animal.bmp,0.26,2.6666666666666665
animal_09_6.bmp,animal.bmp,0.47000000000000003,4.190476190476191
animal_10_1.bmp,animal.bmp,0.2,0.5238095238095238
animal_10_2.bmp,animal.bmp,0.21000000000000002,0.8571428571428571
animal_10_3.bmp,animal.bmp,0.26,2.5238095238095237
animal_10_4.bmp,animal.bmp,0.44000000000000006,4.142857142857143
animal_10_5.bmp,animal.bmp,0.37,3.5714285714285716
animal_10_6.bmp,animal.bmp,0.76,5.380952380952381
blackboard.bmp,blackboard.bmp,1.0,6.0
blackboard_01_1.j2k,blackboard.bmp,0.2,0.047619047619047616
blackboard_01_2.j2k,blackboard.bmp,0.2,0.047619047619047616
blackboard_01_3.j2k,blackboard.bmp,0.2,0.38095238095238093
blackboard_01_4.j2k,blackboard.bmp,0.25,1.8571428571428572
blackboard_01_5.j2k,blackboard.bmp,0.41,3.619047619047619
blackboard_02_1.jpg,blackboard.bmp,0.2,0.0
blackboard_02_2.jpg,blackboard.bmp,0.22000000000000003,1.7619047619047619
blackboard_02_3.jpg,blackboard.bmp,0.27,2.7142857142857144
blackboard_02_4.jpg,blackboard.bmp,0.31,3.619047619047619
blackboard_02_5.jpg,blackboard.bmp,0.41,4.428571428571429
blackboard_02_6.jpg,blackboard.bmp,0.51,5.238095238095238
blackboard_03_1.j2k,blackboard.bmp,0.2,0.14285714285714285
blackboard_03_2.j2k,blackboard.bmp,0.2,1.0476190476190477
blackboard_03_3.j2k,blackboard.bmp,0.2,1.0952380952380953
blackboard_03_4.j2k,blackboard.bmp,0.32,2.9523809523809526
blackboard_03_5.j2k,blackboard.bmp,0.58,4.476190476190476
blackboard_03_6.j2k,blackboard.bmp,0.78,5.523809523809524
blackboard_04_1.j2k,blackboard.bmp,0.2,0.047619047619047616
blackboard_04_2.j2k,blackboard.bmp,0.2,1.0
blackboard_04_3.j2k,blackboard.bmp,0.21000000000000002,1.9047619047619047
blackboard_04_4.j2k,blackboard.bmp,0.36,3.5714285714285716
blackboard_04_5.j2k,blackboard.bmp,0.49000000000000005,4.571428571428571
blackboard_05_1.j2k,blackboard.bmp,0.2,0.047619047619047616
blackboard_05_2.j2k,blackboard.bmp,0.2,0.38095238095238093
blackboard_05_3.j2k,blackboard.bmp,0.2,1.2380952380952381
blackboard_05_4.j2k,blackboard.bmp,0.24,2.238095238095238
blackboard_05_5.j2k,blackboard.bmp,0.35,3.4761904761904763
blackboard_06_1.j2k,blackboard.bmp,0.21000000000000002,0.14285714285714285
blackboard_06_2.j2k,blackboard.bmp,0.21000000000000002,1.5238095238095237
blackboard_06_3.j2k,blackboard.bmp,0.37,3.4761904761904763
blackboard_06_4.j2k,blackboard.bmp,0.7,5.095238095238095
blackboard_06_5.j2k,blackboard.bmp,0.8300000000000001,5.619047619047619
blackboard_07_1.bmp,blackboard.bmp,0.2,0.0
blackboard_07_2.bmp,blackboard.bmp,0.25,1.9047619047619047
blackboard_07_3.bmp,blackboard.bmp,0.35,3.0952380952380953
blackboard_07_4.bmp,blackboard.bmp,0.51,4.380952380952381
blackboard_07_5.bmp,blackboard.bmp,0.73,5.333333333333333
blackboard_07_6.bmp,blackboard.bmp,0.89,5.761904761904762
blackboard_08_1.bmp,blackboard.bmp,0.2,0.0
blackboard_08_2.bmp,blackboard.bmp,0.2,0.0
blackboard_08_3.bmp,blackboard.bmp,0.2,0.14285714285714285
blackboard_08_4.bmp,blackboard.bmp,0.2,1.1428571428571428
blackboard_09_1.bmp,blackboard.bmp,0.2,0.0
blackboard_09_2.bmp,blackboard.bmp,0.2,0.6190476190476191
blackboard_09_3.bmp,blackboard.bmp,0.21000000000000002,1.3333333333333333
blackboard_09_4.bmp,blackboard.bmp,0.24,2.0476190476190474
blackboard_09_5.bmp,blackboard.bmp,0.27999999999999997,3.0
blackboard_09_6.bmp,blackboard.bmp,0.45,4.380952380952381
blackboard_10_1.bmp,blackboard.bmp,0.2,0.0
blackboard_10_2.bmp,blackboard.bmp,0.22000000000000003,2.142857142857143
blackboard_10_3.bmp,blackboard.bmp,0.27,3.0476190476190474
blackboard_10_4.bmp,blackboard.bmp,0.24,2.5238095238095237
blackboard_10_5.bmp,blackboard.bmp,0.67,5.190476190476191
blackboard_10_6.bmp,blackboard.bmp,0.8400000000000001,5.857142857142857
book.bmp,book.bmp,1.0,6.0
book_01_1.j2k,book.bmp,0.2,0.047619047619047616
book_01_2.j2k,book.bmp,0.2,0.19047619047619047
book_01_3.j2k,book.bmp,0.2,0.6190476190476191
book_01_4.j2k,book.bmp,0.2,1.5714285714285714
book_01_5.j2k,book.bmp,0.35,3.2857142857142856
book_02_1.jpg,book.bmp,0.2,0.0
book_02_2.jpg,book.bmp,0.22999999999999998,1.8095238095238095
book_02_3.jpg,book.bmp,0.27999999999999997,2.6666666666666665
book_02_4.jpg,book.bmp,0.32999999999999996,3.6666666666666665
book_02_5.jpg,book.bmp,0.45999999999999996,4.476190476190476
book_02_6.jpg,book.bmp,0.55,4.9523809523809526
book_03_1.j2k,book.bmp,0.2,0.42857142857142855
book_03_2.j2k,book.bmp,0.22000000000000003,1.9523809523809523
book_03_3.j2k,book.bmp,0.26,2.2857142857142856
book_03_4.j2k,book.bmp,0.39,3.5238095238095237
book_03_5.j2k,book.bmp,0.61,4.571428571428571
book_03_6.j2k,book.bmp,0.82,5.761904761904762
book_04_1.j2k,book.bmp,0.2,0.047619047619047616
book_04_2.j2k,book.bmp,0.2,1.1904761904761905
book_04_3.j2k,book.bmp,0.24,2.0
book_04_4.j2k,book.bmp,0.41,3.2857142857142856
book_04_5.j2k,book.bmp,0.5,3.7142857142857144
book_05_1.j2k,book.bmp,0.2,0.047619047619047616
book_05_2.j2k,book.bmp,0.2,0.3333333333333333
book_05_3.j2k,book.bmp,0.21000000000000002,1.1904761904761905
book_05_4.j2k,book.bmp,0.25,2.0476190476190474
book_05_5.j2k,book.bmp,0.32,3.2857142857142856
book_06_1.j2k,book.bmp,0.2,0.42857142857142855
book_06_2.j2k,book.bmp,0.24,2.2857142857142856
book_06_3.j2k,book.bmp,0.37,3.6666666666666665
book_06_4.j2k,book.bmp,0.5599999999999999,5.0476190476190474
book_06_5.j2k,book.bmp,0.77,5.761904761904762
book_07_1.bmp,book.bmp,0.2,0.0
book_07_2.bmp,book.bmp,0.29,2.619047619047619
book_07_3.bmp,book.bmp,0.41,3.5238095238095237
book_07_4.bmp,book.bmp,0.5900000000000001,4.761904761904762
book_07_5.bmp,book.bmp,0.72,5.380952380952381
book_07_6.bmp,book.bmp,0.8800000000000001,5.904761904761905
book_08_1.bmp,book.bmp,0.2,0.0
book_08_2.bmp,book.bmp,0.2,0.0
book_08_3.bmp,book.bmp,0.2,0.047619047619047616
book_08_4.bmp,book.bmp,0.2,1.380952380952381
book_09_1.bmp,book.bmp,0.2,0.0
book_09_2.bmp,book.bmp,0.2,0.6666666666666666
book_09_3.bmp,book.bmp,0.21000000000000002,1.4761904761904763
book_09_4.bmp,book.bmp,0.22000000000000003,2.5238095238095237
book_09_5.bmp,book.bmp,0.31,3.380952380952381
book_09_6.bmp,book.bmp,0.61,5.476190476190476
book_10_1.bmp,book.bmp,0.2,0.047619047619047616
book_10_2.bmp,book.bmp,0.2,0.6666666666666666
book_10_3.bmp,book.bmp,0.2,0.6666666666666666
book_10_4.bmp,book.bmp,0.22000000000000003,2.142857142857143
book_10_5.bmp,book.bmp,0.32999999999999996,3.238095238095238
book_10_6.bmp,book.bmp,0.48,4.285714285714286
bridge.bmp,bridge.bmp,0.9800000000000001,6.0
bridge_01_1.j2k,bridge.bmp,0.2,0.047619047619047616
bridge_01_2.j2k,bridge.bmp,0.2,0.2857142857142857
bridge_01_3.j2k,bridge.bmp,0.2,0.38095238095238093
bridge_01_4.j2k,bridge.bmp,0.21000000000000002,1.4761904761904763
bridge_01_5.j2k,bridge.bmp,0.37,3.142857142857143
bridge_02_1.jpg,bridge.bmp,0.2,0.0
bridge_02_2.jpg,bridge.bmp,0.22000000000000003,1.4285714285714286
bridge_02_3.jpg,bridge.bmp,0.22999999999999998,2.0952380952380953
bridge_02_4.jpg,bridge.bmp,0.29,2.761904761904762
bridge_02_5.jpg,bridge.bmp,0.37,3.761904761904762
bridge_02_6.jpg,bridge.bmp,0.47000000000000003,4.523809523809524
bridge_03_1.j2k,bridge.bmp,0.2,0.14285714285714285
bridge_03_2.j2k,bridge.bmp,0.2,0.6666666666666666
bridge_03_3.j2k,bridge.bmp,0.2,0.8095238095238095
bridge_03_4.j2k,bridge.bmp,0.22000000000000003,2.0476190476190474
bridge_03_5.j2k,bridge.bmp,0.4,3.6666666666666665
bridge_03_6.j2k,bridge.bmp,0.67,5.142857142857143
bridge_04_1.j2k,bridge.bmp,0.2,0.047619047619047616
bridge_04_2.j2k,bridge.bmp,0.21000000000000002,0.9523809523809523
bridge_04_3.j2k,bridge.bmp,0.22999999999999998,1.8095238095238095
bridge_04_4.j2k,bridge.bmp,0.45,3.619047619047619
bridge_04_5.j2k,bridge.bmp,0.6,4.666666666666667
bridge_05_1.j2k,bridge.bmp,0.2,0.047619047619047616
bridge_05_2.j2k,bridge.bmp,0.2,0.19047619047619047
bridge_05_3.j2k,bridge.bmp,0.2,0.5238095238095238
bridge_05_4.j2k,bridge.bmp,0.21000000000000002,1.619047619047619
bridge_05_5.j2k,bridge.bmp,0.49000000000000005,3.8095238095238093
bridge_06_1.j2k,bridge.bmp,0.2,0.3333333333333333
bridge_06_2.j2k,bridge.bmp,0.2,1.4285714285714286
bridge_06_3.j2k,bridge.bmp,0.35,3.142857142857143
bridge_06_4.j2k,bridge.bmp,0.55,4.619047619047619
bridge_06_5.j2k,bridge.bmp,0.74,5.619047619047619
bridge_07_1.bmp,bridge.bmp,0.2,0.0
bridge_07_2.bmp,bridge.bmp,0.24,1.9523809523809523
bridge_07_3.bmp,bridge.bmp,0.29,2.6666666666666665
bridge_07_4.bmp,bridge.bmp,0.33999999999999997,3.4761904761904763
bridge_07_5.bmp,bridge.bmp,0.5599999999999999,4.523809523809524
bridge_07_6.bmp,bridge.bmp,0.8,5.476190476190476
bridge_08_1.bmp,bridge.bmp,0.2,0.0
bridge_08_2.bmp,bridge.bmp,0.2,0.0
bridge_08_3.bmp,bridge.bmp,0.2,0.09523809523809523
bridge_08_4.bmp,bridge.bmp,0.2,1.0476190476190477
bridge_09_1.bmp,bridge.bmp,0.2,0.0
bridge_09_2.bmp,bridge.bmp,0.2,0.47619047619047616
bridge_09_3.bmp,bridge.bmp,0.22000000000000003,1.1904761904761905
bridge_09_4.bmp,bridge.bmp,0.24,2.2857142857142856
bridge_09_5.bmp,bridge.bmp,0.29,3.619047619047619
bridge_09_6.bmp,bridge.bmp,0.48,4.619047619047619
bridge_10_1.bmp,bridge.bmp,0.2,0.047619047619047616
bridge_10_2.bmp,bridge.bmp,0.21000000000000002,1.7142857142857142
bridge_10_3.bmp,bridge.bmp,0.21000000000000002,0.14285714285714285
bridge_10_4.bmp,bridge.bmp,0.32999999999999996,2.9523809523809526
bridge_10_5.bmp,bridge.bmp,0.47000000000000003,4.142857142857143
bridge_10_6.bmp,bridge.bmp,0.61,4.9523809523809526
bus.bmp,bus.bmp,0.99,6.0
bus_01_1.j2k,bus.bmp,0.2,0.047619047619047616
bus_01_2.j2k,bus.bmp,0.2,0.5714285714285714
bus_01_3.j2k,bus.bmp,0.22000000000000003,1.5238095238095237
bus_01_4.j2k,bus.bmp,0.22999999999999998,2.4761904761904763
bus_01_5.j2k,bus.bmp,0.37,3.4761904761904763
bus_02_1.jpg,bus.bmp,0.2,0.0
bus_02_2.jpg,bus.bmp,0.22999999999999998,1.5714285714285714
bus_02_3.jpg,bus.bmp,0.27,2.3333333333333335
bus_02_4.jpg,bus.bmp,0.33999999999999997,3.1904761904761907
bus_02_5.jpg,bus.bmp,0.42000000000000004,4.0
bus_02_6.jpg,bus.bmp,0.49000000000000005,4.761904761904762
bus_03_1.j2k,bus.bmp,0.2,0.2857142857142857
bus_03_2.j2k,bus.bmp,0.22000000000000003,1.5238095238095237
bus_03_3.j2k,bus.bmp,0.22999999999999998,2.0
bus_03_4.j2k,bus.bmp,0.3,3.3333333333333335
bus_03_5.j2k,bus.bmp,0.5,4.523809523809524
bus_03_6.j2k,bus.bmp,0.74,5.666666666666667
bus_04_1.j2k,bus.bmp,0.2,0.0
bus_04_2.j2k,bus.bmp,0.2,1.0952380952380953
bus_04_3.j2k,bus.bmp,0.24,2.142857142857143
bus_04_4.j2k,bus.bmp,0.39,3.0952380952380953
bus_04_5.j2k,bus.bmp,0.55,4.190476190476191
bus_05_1.j2k,bus.bmp,0.2,0.09523809523809523
bus_05_2.j2k,bus.bmp,0.2,0.9523809523809523
bus_05_3.j2k,bus.bmp,0.22000000000000003,1.9523809523809523
bus_05_4.j2k,bus.bmp,0.24,2.761904761904762
bus_05_5.j2k,bus.bmp,0.44000000000000006,4.238095238095238
bus_06_1.j2k,bus.bmp,0.21000000000000002,0.47619047619047616
bus_06_2.j2k,bus.bmp,0.22999999999999998,2.0476190476190474
bus_06_3.j2k,bus.bmp,0.39,3.7142857142857144
bus_06_4.j2k,bus.bmp,0.58,4.857142857142857
bus_06_5.j2k,bus.bmp,0.77,5.619047619047619
bus_07_1.bmp,bus.bmp,0.2,0.0
bus_07_2.bmp,bus.bmp,0.22999999999999998,1.9047619047619047
bus_07_3.bmp,bus.bmp,0.32,3.0
bus_07_4.bmp,bus.bmp,0.51,4.333333333333333
bus_07_5.bmp,bus.bmp,0.73,5.333333333333333
bus_07_6.bmp,bus.bmp,0.8699999999999999,5.904761904761905
bus_08_1.bmp,bus.bmp,0.2,0.0
bus_08_2.bmp,bus.bmp,0.2,0.0
bus_08_3.bmp,bus.bmp,0.2,0.14285714285714285
bus_08_4.bmp,bus.bmp,0.2,1.1428571428571428
bus_09_1.bmp,bus.bmp,0.2,0.0
bus_09_2.bmp,bus.bmp,0.2,0.7142857142857143
bus_09_3.bmp,bus.bmp,0.2,1.3333333333333333
bus_09_4.bmp,bus.bmp,0.21000000000000002,2.3333333333333335
bus_09_5.bmp,bus.bmp,0.27999999999999997,3.380952380952381
bus_09_6.bmp,bus.bmp,0.49000000000000005,4.476190476190476
bus_10_1.bmp,bus.bmp,0.2,0.0
bus_10_2.bmp,bus.bmp,0.2,0.5714285714285714
bus_10_3.bmp,bus.bmp,0.33999999999999997,3.4285714285714284
bus_10_4.bmp,bus.bmp,0.32,3.2857142857142856
bus_10_5.bmp,bus.bmp,0.44000000000000006,4.0476190476190474
bus_10_6.bmp,bus.bmp,0.8400000000000001,5.619047619047619
child.bmp,child.bmp,0.99,6.0
child_01_1.j2k,child.bmp,0.2,0.0
child_01_2.j2k,child.bmp,0.2,0.0
child_01_3.j2k,child.bmp,0.2,0.23809523809523808
child_01_4.j2k,child.bmp,0.24,1.4761904761904763
child_01_5.j2k,child.bmp,0.32999999999999996,2.8095238095238093
child_02_1.jpg,child.bmp,0.2,0.0
child_02_2.jpg,child.bmp,0.22000000000000003,1.5714285714285714
child_02_3.jpg,child.bmp,0.22999999999999998,2.142857142857143
child_02_4.jpg,child.bmp,0.26,3.0476190476190474
child_02_5.jpg,child.bmp,0.29,3.6666666666666665
child_02_6.jpg,child.bmp,0.38,4.476190476190476
child_03_1.j2k,child.bmp,0.2,0.09523809523809523
child_03_2.j2k,child.bmp,0.2,0.9523809523809523
child_03_3.j2k,child.bmp,0.2,1.380952380952381
child_03_4.j2k,child.bmp,0.27,2.380952380952381
child_03_5.j2k,child.bmp,0.38,3.619047619047619
child_03_6.j2k,child.bmp,0.7,5.238095238095238
child_04_1.j2k,child.bmp,0.2,0.047619047619047616
child_04_2.j2k,child.bmp,0.21000000000000002,1.0476190476190477
child_04_3.j2k,child.bmp,0.24,1.8571428571428572
child_04_4.j2k,child.bmp,0.35,3.2857142857142856
child_04_5.j2k,child.bmp,0.48,4.0476190476190474
child_05_1.j2k,child.bmp,0.2,0.09523809523809523
child_05_2.j2k,child.bmp,0.2,0.6190476190476191
child_05_3.j2k,child.bmp,0.21000000000000002,1.1904761904761905
child_05_4.j2k,child.bmp,0.22999999999999998,2.2857142857142856
child_05_5.j2k,child.bmp,0.29,3.0476190476190474
child_06_1.j2k,child.bmp,0.2,0.8571428571428571
child_06_2.j2k,child.bmp,0.24,1.9523809523809523
child_06_3.j2k,child.bmp,0.38,3.3333333333333335
child_06_4.j2k,child.bmp,0.64,4.761904761904762
child_06_5.j2k,child.bmp,0.8300000000000001,5.761904761904762
child_07_1.bmp,child.bmp,0.2,0.0
child_07_2.bmp,child.bmp,0.21000000000000002,1.3333333333333333
child_07_3.bmp,child.bmp,0.26,2.1904761904761907
child_07_4.bmp,child.bmp,0.37,3.3333333333333335
child_07_5.bmp,child.bmp,0.61,4.761904761904762
child_07_6.bmp,child.bmp,0.8300000000000001,5.666666666666667
child_08_1.bmp,child.bmp,0.2,0.0
child_08_2.bmp,child.bmp,0.2,0.0
child_08_3.bmp,child.bmp,0.2,0.09523809523809523
child_08_4.bmp,child.bmp,0.2,1.0
child_09_1.bmp,child.bmp,0.2,0.0
child_09_2.bmp,child.bmp,0.2,0.42857142857142855
child_09_3.bmp,child.bmp,0.21000000000000002,1.0476190476190477
child_09_4.bmp,child.bmp,0.22000000000000003,2.0952380952380953
child_09_5.bmp,child.bmp,0.29,3.380952380952381
child_09_6.bmp,child.bmp,0.43,4.523809523809524
child_10_1.bmp,child.bmp,0.2,0.38095238095238093
child_10_2.bmp,child.bmp,0.2,1.3333333333333333
child_10_3.bmp,child.bmp,0.2,0.9047619047619048
child_10_4.bmp,child.bmp,0.25,2.4285714285714284
child_10_5.bmp,child.bmp,0.47000000000000003,4.142857142857143
child_10_6.bmp,child.bmp,0.8300000000000001,5.714285714285714
crowd.bmp,crowd.bmp,1.0,6.0
crowd_01_1.j2k,crowd.bmp,0.2,0.0
crowd_01_2.j2k,crowd.bmp,0.2,0.14285714285714285
crowd_01_3.j2k,crowd.bmp,0.2,0.2857142857142857
crowd_01_4.j2k,crowd.bmp,0.25,1.9047619047619047
crowd_01_5.j2k,crowd.bmp,0.36,3.238095238095238
crowd_02_1.jpg,crowd.bmp,0.2,0.0
crowd_02_2.jpg,crowd.bmp,0.22999999999999998,1.7619047619047619
crowd_02_3.jpg,crowd.bmp,0.25,2.619047619047619
crowd_02_4.jpg,crowd.bmp,0.36,3.619047619047619
crowd_02_5.jpg,crowd.bmp,0.45999999999999996,4.238095238095238
crowd_02_6.jpg,crowd.bmp,0.58,4.9523809523809526
crowd_03_1.j2k,crowd.bmp,0.2,0.7619047619047619
crowd_03_2.j2k,crowd.bmp,0.22999999999999998,1.8095238095238095
crowd_03_3.j2k,crowd.bmp,0.24,2.0952380952380953
crowd_03_4.j2k,crowd.bmp,0.33999999999999997,3.380952380952381
crowd_03_5.j2k,crowd.bmp,0.52,4.714285714285714
crowd_03_6.j2k,crowd.bmp,0.82,5.809523809523809
crowd_04_1.j2k,crowd.bmp,0.2,0.047619047619047616
crowd_04_2.j2k,crowd.bmp,0.2,0.8571428571428571
crowd_04_3.j2k,crowd.bmp,0.24,1.6666666666666667
crowd_04_4.j2k,crowd.bmp,0.41,3.619047619047619
crowd_04_5.j2k,crowd.bmp,0.54,4.428571428571429
crowd_05_1.j2k,crowd.bmp,0.2,0.0
crowd_05_2.j2k,crowd.bmp,0.2,0.3333333333333333
crowd_05_3.j2k,crowd.bmp,0.21000000000000002,1.3333333333333333
crowd_05_4.j2k,crowd.bmp,0.27,2.5714285714285716
crowd_05_5.j2k,crowd.bmp,0.3,2.9047619047619047
crowd_06_1.j2k,crowd.bmp,0.21000000000000002,1.2857142857142858
crowd_06_2.j2k,crowd.bmp,0.22999999999999998,2.2857142857142856
crowd_06_3.j2k,crowd.bmp,0.39,3.6666666666666665
crowd_06_4.j2k,crowd.bmp,0.6,5.0
crowd_06_5.j2k,crowd.bmp,0.8,5.761904761904762
crowd_07_1.bmp,crowd.bmp,0.2,0.0
crowd_07_2.bmp,crowd.bmp,0.22999999999999998,1.8095238095238095
crowd_07_3.bmp,crowd.bmp,0.32,3.0476190476190474
crowd_07_4.bmp,crowd.bmp,0.49000000000000005,4.095238095238095
crowd_07_5.bmp,crowd.bmp,0.6799999999999999,5.238095238095238
crowd_07_6.bmp,crowd.bmp,0.9,5.904761904761905
crowd_08_1.bmp,crowd.bmp,0.2,0.0
crowd_08_2.bmp,crowd.bmp,0.2,0.0
crowd_08_3.bmp,crowd.bmp,0.2,0.0
crowd_08_4.bmp,crowd.bmp,0.2,0.7142857142857143
crowd_09_1.bmp,crowd.bmp,0.2,0.0
crowd_09_2.bmp,crowd.bmp,0.2,0.7619047619047619
crowd_09_3.bmp,crowd.bmp,0.2,1.7142857142857142
crowd_09_4.bmp,crowd.bmp,0.21000000000000002,2.4285714285714284
crowd_09_5.bmp,crowd.bmp,0.25,3.4761904761904763
crowd_09_6.bmp,crowd.bmp,0.39,4.571428571428571
crowd_10_1.bmp,crowd.bmp,0.2,0.0
crowd_10_2.bmp,crowd.bmp,0.2,0.0
crowd_10_3.bmp,crowd.bmp,0.2,0.047619047619047616
crowd_10_4.bmp,crowd.bmp,0.27999999999999997,2.619047619047619
crowd_10_5.bmp,crowd.bmp,0.49000000000000005,4.0476190476190474
crowd_10_6.bmp,crowd.bmp,0.78,5.571428571428571
fresco.bmp,fresco.bmp,1.0,6.0
fresco_01_1.j2k,fresco.bmp,0.2,0.047619047619047616
fresco_01_2.j2k,fresco.bmp,0.2,0.14285714285714285
fresco_01_3.j2k,fresco.bmp,0.2,0.5238095238095238
fresco_01_4.j2k,fresco.bmp,0.21000000000000002,1.3333333333333333
fresco_01_5.j2k,fresco.bmp,0.32999999999999996,2.857142857142857
fresco_02_1.jpg,fresco.bmp,0.2,0.0
fresco_02_2.jpg,fresco.bmp,0.24,1.3333333333333333
fresco_02_3.jpg,fresco.bmp,0.24,1.9047619047619047
fresco_02_4.jpg,fresco.bmp,0.31,2.9523809523809526
fresco_02_5.jpg,fresco.bmp,0.38,3.7142857142857144
fresco_02_6.jpg,fresco.bmp,0.48,4.571428571428571
fresco_03_1.j2k,fresco.bmp,0.2,0.047619047619047616
fresco_03_2.j2k,fresco.bmp,0.2,0.9047619047619048
fresco_03_3.j2k,fresco.bmp,0.2,0.8571428571428571
fresco_03_4.j2k,fresco.bmp,0.25,2.619047619047619
fresco_03_5.j2k,fresco.bmp,0.43,4.0476190476190474
fresco_03_6.j2k,fresco.bmp,0.75,5.333333333333333
fresco_04_1.j2k,fresco.bmp,0.2,0.047619047619047616
fresco_04_2.j2k,fresco.bmp,0.21000000000000002,1.2857142857142858
fresco_04_3.j2k,fresco.bmp,0.22999999999999998,1.9523809523809523
fresco_04_4.j2k,fresco.bmp,0.32999999999999996,3.142857142857143
fresco_04_5.j2k,fresco.bmp,0.44000000000000006,3.9523809523809526
fresco_05_1.j2k,fresco.bmp,0.2,0.09523809523809523
fresco_05_2.j2k,fresco.bmp,0.2,0.7142857142857143
fresco_05_3.j2k,fresco.bmp,0.2,1.4285714285714286
fresco_05_4.j2k,fresco.bmp,0.22999999999999998,2.380952380952381
fresco_05_5.j2k,fresco.bmp,0.8400000000000001,5.380952380952381
fresco_06_1.j2k,fresco.bmp,0.2,0.6666666666666666
fresco_06_2.j2k,fresco.bmp,0.21000000000000002,1.9523809523809523
fresco_06_3.j2k,fresco.bmp,0.37,3.761904761904762
fresco_06_4.j2k,fresco.bmp,0.5900000000000001,5.095238095238095
fresco_06_5.j2k,fresco.bmp,0.85,5.904761904761905
fresco_07_1.bmp,fresco.bmp,0.2,0.0
fresco_07_2.bmp,fresco.bmp,0.26,2.0952380952380953
fresco_07_3.bmp,fresco.bmp,0.32999999999999996,3.0952380952380953
fresco_07_4.bmp,fresco.bmp,0.5,4.428571428571429
fresco_07_5.bmp,fresco.bmp,0.71,5.285714285714286
fresco_07_6.bmp,fresco.bmp,0.9199999999999999,5.857142857142857
fresco_08_1.bmp,fresco.bmp,0.2,0.0
fresco_08_2.bmp,fresco.bmp,0.2,0.0
fresco_08_3.bmp,fresco.bmp,0.2,0.047619047619047616
fresco_08_4.bmp,fresco.bmp,0.2,0.9523809523809523
fresco_09_1.bmp,fresco.bmp,0.2,0.0
fresco_09_2.bmp,fresco.bmp,0.2,0.7142857142857143
fresco_09_3.bmp,fresco.bmp,0.2,1.2380952380952381
fresco_09_4.bmp,fresco.bmp,0.21000000000000002,2.5238095238095237
fresco_09_5.bmp,fresco.bmp,0.3,3.4761904761904763
fresco_09_6.bmp,fresco.bmp,0.41,4.571428571428571
fresco_10_1.bmp,fresco.bmp,0.2,0.047619047619047616
fresco_10_2.bmp,fresco.bmp,0.2,0.09523809523809523
fresco_10_3.bmp,fresco.bmp,0.2,0.047619047619047616
fresco_10_4.bmp,fresco.bmp,0.33999999999999997,3.1904761904761907
fresco_10_5.bmp,fresco.bmp,0.55,4.285714285714286
fresco_10_6.bmp,fresco.bmp,0.8300000000000001,5.809523809523809
house.bmp,house.bmp,1.0,6.0
house_01_1.j2k,house.bmp,0.2,0.09523809523809523
house_01_2.j2k,house.bmp,0.2,0.5238095238095238
house_01_3.j2k,house.bmp,0.21000000000000002,1.0476190476190477
house_01_4.j2k,house.bmp,0.22000000000000003,1.8571428571428572
house_01_5.j2k,house.bmp,0.31,3.0476190476190474
house_02_1.jpg,house.bmp,0.2,0.0
house_02_2.jpg,house.bmp,0.22000000000000003,1.4761904761904763
house_02_3.jpg,house.bmp,0.22999999999999998,2.238095238095238
house_02_4.jpg,house.bmp,0.32999999999999996,2.761904761904762
house_02_5.jpg,house.bmp,0.37,3.5714285714285716
house_02_6.jpg,house.bmp,0.44000000000000006,4.095238095238095
house_03_1.j2k,house.bmp,0.2,0.09523809523809523
house_03_2.j2k,house.bmp,0.2,1.1904761904761905
house_03_3.j2k,house.bmp,0.22000000000000003,1.3333333333333333
house_03_4.j2k,house.bmp,0.32,2.619047619047619
house_03_5.j2k,house.bmp,0.52,3.9523809523809526
house_03_6.j2k,house.bmp,0.71,5.142857142857143
house_04_1.j2k,house.bmp,0.2,0.047619047619047616
house_04_2.j2k,house.bmp,0.2,1.2380952380952381
house_04_3.j2k,house.bmp,0.22999999999999998,1.5714285714285714
house_04_4.j2k,house.bmp,0.35,2.7142857142857144
house_04_5.j2k,house.bmp,0.5,3.9523809523809526
house_05_1.j2k,house.bmp,0.2,0.0
house_05_2.j2k,house.bmp,0.2,0.6666666666666666
house_05_3.j2k,house.bmp,0.2,0.8571428571428571
house_05_4.j2k,house.bmp,0.22000000000000003,1.4761904761904763
house_05_5.j2k,house.bmp,0.32,3.142857142857143
house_06_1.j2k,house.bmp,0.2,0.14285714285714285
house_06_2.j2k,house.bmp,0.24,2.0952380952380953
house_06_3.j2k,house.bmp,0.41,3.2857142857142856
house_06_4.j2k,house.bmp,0.61,4.571428571428571
house_06_5.j2k,house.bmp,0.8,5.428571428571429
house_07_1.bmp,house.bmp,0.2,0.0
house_07_2.bmp,house.bmp,0.22999999999999998,1.9523809523809523
house_07_3.bmp,house.bmp,0.3,2.7142857142857144
house_07_4.bmp,house.bmp,0.44000000000000006,3.6666666666666665
house_07_5.bmp,house.bmp,0.67,4.761904761904762
house_07_6.bmp,house.bmp,0.8800000000000001,5.523809523809524
house_08_1.bmp,house.bmp,0.2,0.0
house_08_2.bmp,house.bmp,0.2,0.0
house_08_3.bmp,house.bmp,0.2,0.0
house_08_4.bmp,house.bmp,0.2,0.9047619047619048
house_09_1.bmp,house.bmp,0.2,0.0
house_09_2.bmp,house.bmp,0.2,0.6666666666666666
house_09_3.bmp,house.bmp,0.2,1.5238095238095237
house_09_4.bmp,house.bmp,0.22999999999999998,2.5714285714285716
house_09_5.bmp,house.bmp,0.3,3.5714285714285716
house_09_6.bmp,house.bmp,0.41,4.666666666666667
house_10_1.bmp,house.bmp,0.2,0.0
house_10_2.bmp,house.bmp,0.2,0.047619047619047616
house_10_3.bmp,house.bmp,0.2,0.09523809523809523
house_10_4.bmp,house.bmp,0.2,0.5238095238095238
house_10_5.bmp,house.bmp,0.4,3.3333333333333335
house_10_6.bmp,house.bmp,0.44000000000000006,3.9047619047619047
lion.bmp,lion.bmp,1.0,6.0
lion_01_1.j2k,lion.bmp,0.2,0.09523809523809523
lion_01_2.j2k,lion.bmp,0.2,0.14285714285714285
lion_01_3.j2k,lion.bmp,0.21000000000000002,0.9523809523809523
lion_01_4.j2k,lion.bmp,0.25,2.142857142857143
lion_01_5.j2k,lion.bmp,0.4,3.4285714285714284
lion_02_1.jpg,lion.bmp,0.2,0.0
lion_02_2.jpg,lion.bmp,0.24,1.9523809523809523
lion_02_3.jpg,lion.bmp,0.37,3.2857142857142856
lion_02_4.jpg,lion.bmp,0.47000000000000003,4.142857142857143
lion_02_5.jpg,lion.bmp,0.58,4.714285714285714
lion_02_6.jpg,lion.bmp,0.65,5.380952380952381
lion_03_1.j2k,lion.bmp,0.2,0.14285714285714285
lion_03_2.j2k,lion.bmp,0.2,1.0476190476190477
lion_03_3.j2k,lion.bmp,0.21000000000000002,1.5238095238095237
lion_03_4.j2k,lion.bmp,0.32999999999999996,2.9047619047619047
lion_03_5.j2k,lion.bmp,0.5,4.285714285714286
lion_03_6.j2k,lion.bmp,0.79,5.333333333333333
lion_04_1.j2k,lion.bmp,0.2,0.14285714285714285
lion_04_2.j2k,lion.bmp,0.2,1.0
lion_04_3.j2k,lion.bmp,0.22000000000000003,1.8571428571428572
lion_04_4.j2k,lion.bmp,0.45999999999999996,3.9523809523809526
lion_04_5.j2k,lion.bmp,0.5900000000000001,5.0
lion_05_1.j2k,lion.bmp,0.2,0.09523809523809523
lion_05_2.j2k,lion.bmp,0.2,0.7619047619047619
lion_05_3.j2k,lion.bmp,0.2,1.380952380952381
lion_05_4.j2k,lion.bmp,0.22999999999999998,2.0476190476190474
lion_05_5.j2k,lion.bmp,0.29,2.9523809523809526
lion_06_1.j2k,lion.bmp,0.2,0.5238095238095238
lion_06_2.j2k,lion.bmp,0.27,2.238095238095238
lion_06_3.j2k,lion.bmp,0.48,3.9523809523809526
lion_06_4.j2k,lion.bmp,0.7,5.095238095238095
lion_06_5.j2k,lion.bmp,0.8699999999999999,5.809523809523809
lion_07_1.bmp,lion.bmp,0.2,0.0
lion_07_2.bmp,lion.bmp,0.24,2.0476190476190474
lion_07_3.bmp,lion.bmp,0.32999999999999996,2.857142857142857
lion_07_4.bmp,lion.bmp,0.51,4.190476190476191
lion_07_5.bmp,lion.bmp,0.6900000000000001,5.0476190476190474
lion_07_6.bmp,lion.bmp,0.9099999999999999,5.761904761904762
lion_08_1.bmp,lion.bmp,0.2,0.0
lion_08_2.bmp,lion.bmp,0.2,0.0
lion_08_3.bmp,lion.bmp,0.2,0.0
lion_08_4.bmp,lion.bmp,0.2,0.9523809523809523
lion_09_1.bmp,lion.bmp,0.2,0.0
lion_09_2.bmp,lion.bmp,0.2,0.8095238095238095
lion_09_3.bmp,lion.bmp,0.21000000000000002,1.4761904761904763
lion_09_4.bmp,lion.bmp,0.22000000000000003,2.4285714285714284
lion_09_5.bmp,lion.bmp,0.26,3.3333333333333335
lion_09_6.bmp,lion.bmp,0.43,4.428571428571429
lion_10_1.bmp,lion.bmp,0.2,0.09523809523809523
lion_10_2.bmp,lion.bmp,0.2,0.5238095238095238
lion_10_3.bmp,lion.bmp,0.25,2.4285714285714284
lion_10_4.bmp,lion.bmp,0.35,3.380952380952381
lion_10_5.bmp,lion.bmp,0.39,3.857142857142857
lion_10_6.bmp,lion.bmp,0.79,5.619047619047619
lotus.bmp,lotus.bmp,1.0,6.0
lotus_01_1.j2k,lotus.bmp,0.2,0.047619047619047616
lotus_01_2.j2k,lotus.bmp,0.2,0.5714285714285714
lotus_01_3.j2k,lotus.bmp,0.2,1.1428571428571428
lotus_01_4.j2k,lotus.bmp,0.22000000000000003,1.9523809523809523
lotus_01_5.j2k,lotus.bmp,0.38,3.4285714285714284
lotus_02_1.jpg,lotus.bmp,0.2,0.0
lotus_02_2.jpg,lotus.bmp,0.22000000000000003,1.5714285714285714
lotus_02_3.jpg,lotus.bmp,0.32,2.9047619047619047
lotus_02_4.jpg,lotus.bmp,0.42000000000000004,3.8095238095238093
lotus_02_5.jpg,lotus.bmp,0.52,4.619047619047619
lotus_02_6.jpg,lotus.bmp,0.61,5.238095238095238
lotus_03_1.j2k,lotus.bmp,0.2,0.09523809523809523
lotus_03_2.j2k,lotus.bmp,0.2,0.9047619047619048
lotus_03_3.j2k,lotus.bmp,0.2,1.2857142857142858
lotus_03_4.j2k,lotus.bmp,0.25,2.1904761904761907
lotus_03_5.j2k,lotus.bmp,0.47000000000000003,3.8095238095238093
lotus_03_6.j2k,lotus.bmp,0.75,5.333333333333333
lotus_04_1.j2k,lotus.bmp,0.2,0.09523809523809523
lotus_04_2.j2k,lotus.bmp,0.2,1.0
lotus_04_3.j2k,lotus.bmp,0.22000000000000003,1.619047619047619
lotus_04_4.j2k,lotus.bmp,0.42000000000000004,3.2857142857142856
lotus_04_5.j2k,lotus.bmp,0.58,4.333333333333333
lotus_05_1.j2k,lotus.bmp,0.2,0.19047619047619047
lotus_05_2.j2k,lotus.bmp,0.2,0.7142857142857143
lotus_05_3.j2k,lotus.bmp,0.22999999999999998,1.9047619047619047
lotus_05_4.j2k,lotus.bmp,0.3,3.0476190476190474
lotus_05_5.j2k,lotus.bmp,0.45,4.238095238095238
lotus_06_1.j2k,lotus.bmp,0.2,0.14285714285714285
lotus_06_2.j2k,lotus.bmp,0.24,2.0476190476190474
lotus_06_3.j2k,lotus.bmp,0.38,3.380952380952381
lotus_06_4.j2k,lotus.bmp,0.62,4.809523809523809
lotus_06_5.j2k,lotus.bmp,0.85,5.666666666666667
lotus_07_1.bmp,lotus.bmp,0.2,0.0
lotus_07_2.bmp,lotus.bmp,0.24,1.5238095238095237
lotus_07_3.bmp,lotus.bmp,0.31,2.5714285714285716
lotus_07_4.bmp,lotus.bmp,0.42000000000000004,3.5714285714285716
lotus_07_5.bmp,lotus.bmp,0.58,4.571428571428571
lotus_07_6.bmp,lotus.bmp,0.82,5.666666666666667
lotus_08_1.bmp,lotus.bmp,0.2,0.0
lotus_08_2.bmp,lotus.bmp,0.2,0.0
lotus_08_3.bmp,lotus.bmp,0.2,0.0
lotus_08_4.bmp,lotus.bmp,0.2,1.0476190476190477
lotus_09_1.bmp,lotus.bmp,0.2,0.047619047619047616
lotus_09_2.bmp,lotus.bmp,0.2,0.7142857142857143
lotus_09_3.bmp,lotus.bmp,0.21000000000000002,1.4761904761904763
lotus_09_4.bmp,lotus.bmp,0.22999999999999998,2.3333333333333335
lotus_09_5.bmp,lotus.bmp,0.26,3.619047619047619
lotus_09_6.bmp,lotus.bmp,0.42000000000000004,4.619047619047619
lotus_10_1.bmp,lotus.bmp,0.2,0.23809523809523808
lotus_10_2.bmp,lotus.bmp,0.2,1.0952380952380953
lotus_10_3.bmp,lotus.bmp,0.24,2.4285714285714284
lotus_10_4.bmp,lotus.bmp,0.39,3.761904761904762
lotus_10_5.bmp,lotus.bmp,0.73,5.428571428571429
lotus_10_6.bmp,lotus.bmp,0.86,5.904761904761905
meeting.bmp,meeting.bmp,1.0,6.0
meeting_01_1.j2k,meeting.bmp,0.2,0.0
meeting_01_2.j2k,meeting.bmp,0.2,0.23809523809523808
meeting_01_3.j2k,meeting.bmp,0.2,0.8571428571428571
meeting_01_4.j2k,meeting.bmp,0.22999999999999998,1.8571428571428572
meeting_01_5.j2k,meeting.bmp,0.31,3.238095238095238
meeting_02_1.jpg,meeting.bmp,0.2,0.0
meeting_02_2.jpg,meeting.bmp,0.22999999999999998,1.4761904761904763
meeting_02_3.jpg,meeting.bmp,0.33999999999999997,2.9523809523809526
meeting_02_4.jpg,meeting.bmp,0.4,3.7142857142857144
meeting_02_5.jpg,meeting.bmp,0.48,4.523809523809524
meeting_02_6.jpg,meeting.bmp,0.5599999999999999,5.095238095238095
meeting_03_1.j2k,meeting.bmp,0.2,0.047619047619047616
meeting_03_2.j2k,meeting.bmp,0.21000000000000002,1.3333333333333333
meeting_03_3.j2k,meeting.bmp,0.21000000000000002,1.380952380952381
meeting_03_4.j2k,meeting.bmp,0.26,2.2857142857142856
meeting_03_5.j2k,meeting.bmp,0.4,3.4761904761904763
meeting_03_6.j2k,meeting.bmp,0.6799999999999999,5.142857142857143
meeting_04_1.j2k,meeting.bmp,0.2,0.047619047619047616
meeting_04_2.j2k,meeting.bmp,0.2,1.1428571428571428
meeting_04_3.j2k,meeting.bmp,0.21000000000000002,1.5238095238095237
meeting_04_4.j2k,meeting.bmp,0.31,3.0952380952380953
meeting_04_5.j2k,meeting.bmp,0.48,3.857142857142857
meeting_05_1.j2k,meeting.bmp,0.2,0.0
meeting_05_2.j2k,meeting.bmp,0.2,0.6190476190476191
meeting_05_3.j2k,meeting.bmp,0.21000000000000002,1.1428571428571428
meeting_05_4.j2k,meeting.bmp,0.21000000000000002,1.8095238095238095
meeting_05_5.j2k,meeting.bmp,0.24,2.761904761904762
meeting_06_1.j2k,meeting.bmp,0.2,0.5238095238095238
meeting_06_2.j2k,meeting.bmp,0.22999999999999998,2.1904761904761907
meeting_06_3.j2k,meeting.bmp,0.38,3.5714285714285716
meeting_06_4.j2k,meeting.bmp,0.54,4.523809523809524
meeting_06_5.j2k,meeting.bmp,0.73,5.380952380952381
meeting_07_1.bmp,meeting.bmp,0.2,0.0
meeting_07_2.bmp,meeting.bmp,0.22000000000000003,1.5714285714285714
meeting_07_3.bmp,meeting.bmp,0.26,2.5238095238095237
meeting_07_4.bmp,meeting.bmp,0.35,3.4761904761904763
meeting_07_5.bmp,meeting.bmp,0.52,4.714285714285714
meeting_07_6.bmp,meeting.bmp,0.79,5.666666666666667
meeting_08_1.bmp,meeting.bmp,0.2,0.0
meeting_08_2.bmp,meeting.bmp,0.2,0.0
meeting_08_3.bmp,meeting.bmp,0.2,0.047619047619047616
meeting_08_4.bmp,meeting.bmp,0.2,1.0
meeting_09_1.bmp,meeting.bmp,0.2,0.0
meeting_09_2.bmp,meeting.bmp,0.2,0.8095238095238095
meeting_09_3.bmp,meeting.bmp,0.21000000000000002,1.5714285714285714
meeting_09_4.bmp,meeting.bmp,0.25,2.3333333333333335
meeting_09_5.bmp,meeting.bmp,0.31,3.4761904761904763
meeting_09_6.bmp,meeting.bmp,0.45,4.523809523809524
meeting_10_1.bmp,meeting.bmp,0.2,0.09523809523809523
meeting_10_2.bmp,meeting.bmp,0.2,0.5238095238095238
meeting_10_3.bmp,meeting.bmp,0.2,0.7619047619047619
meeting_10_4.bmp,meeting.bmp,0.22000000000000003,1.619047619047619
meeting_10_5.bmp,meeting.bmp,0.27999999999999997,2.9523809523809526
meeting_10_6.bmp,meeting.bmp,0.62,4.904761904761905
monument.bmp,monument.bmp,1.0,6.0
monument_01_1.j2k,monument.bmp,0.2,0.0
monument_01_2.j2k,monument.bmp,0.2,0.7142857142857143
monument_01_3.j2k,monument.bmp,0.21000000000000002,1.0952380952380953
monument_01_4.j2k,monument.bmp,0.22000000000000003,1.9047619047619047
monument_01_5.j2k,monument.bmp,0.38,3.142857142857143
monument_02_1.jpg,monument.bmp,0.2,0.0
monument_02_2.jpg,monument.bmp,0.24,1.619047619047619
monument_02_3.jpg,monument.bmp,0.35,2.7142857142857144
monument_02_4.jpg,monument.bmp,0.43,3.619047619047619
monument_02_5.jpg,monument.bmp,0.53,4.571428571428571
monument_02_6.jpg,monument.bmp,0.63,5.0476190476190474
monument_03_1.j2k,monument.bmp,0.2,0.047619047619047616
monument_03_2.j2k,monument.bmp,0.2,1.0476190476190477
monument_03_3.j2k,monument.bmp,0.2,1.1428571428571428
monument_03_4.j2k,monument.bmp,0.27999999999999997,2.3333333333333335
monument_03_5.j2k,monument.bmp,0.47000000000000003,3.9047619047619047
monument_03_6.j2k,monument.bmp,0.77,5.333333333333333
monument_04_1.j2k,monument.bmp,0.2,0.047619047619047616
monument_04_2.j2k,monument.bmp,0.2,1.0
monument_04_3.j2k,monument.bmp,0.25,1.4761904761904763
monument_04_4.j2k,monument.bmp,0.41,2.7142857142857144
monument_04_5.j2k,monument.bmp,0.6,4.0476190476190474
monument_05_1.j2k,monument.bmp,0.2,0.0
monument_05_2.j2k,monument.bmp,0.2,0.8095238095238095
monument_05_3.j2k,monument.bmp,0.25,1.8571428571428572
monument_05_4.j2k,monument.bmp,0.3,2.761904761904762
monument_05_5.j2k,monument.bmp,0.47000000000000003,4.0
monument_06_1.j2k,monument.bmp,0.2,1.0952380952380953
monument_06_2.j2k,monument.bmp,0.25,2.6666666666666665
monument_06_3.j2k,monument.bmp,0.43,4.0
monument_06_4.j2k,monument.bmp,0.7,5.476190476190476
monument_06_5.j2k,monument.bmp,0.85,5.904761904761905
monument_07_1.bmp,monument.bmp,0.2,0.0
monument_07_2.bmp,monument.bmp,0.24,1.7619047619047619
monument_07_3.bmp,monument.bmp,0.31,2.857142857142857
monument_07_4.bmp,monument.bmp,0.39,4.0
monument_07_5.bmp,monument.bmp,0.55,4.9523809523809526
monument_07_6.bmp,monument.bmp,0.77,5.761904761904762
monument_08_1.bmp,monument.bmp,0.2,0.0
monument_08_2.bmp,monument.bmp,0.2,0.0
monument_08_3.bmp,monument.bmp,0.2,0.047619047619047616
monument_08_4.bmp,monument.bmp,0.2,1.1904761904761905
monument_09_1.bmp,monument.bmp,0.2,0.0
monument_09_2.bmp,monument.bmp,0.2,0.5714285714285714
monument_09_3.bmp,monument.bmp,0.2,1.2857142857142858
monument_09_4.bmp,monument.bmp,0.21000000000000002,2.0476190476190474
monument_09_5.bmp,monument.bmp,0.25,3.0952380952380953
monument_09_6.bmp,monument.bmp,0.4,4.190476190476191
monument_10_1.bmp,monument.bmp,0.2,1.0952380952380953
monument_10_2.bmp,monument.bmp,0.2,1.619047619047619
monument_10_3.bmp,monument.bmp,0.25,2.6666666666666665
monument_10_4.bmp,monument.bmp,0.32999999999999996,3.5238095238095237
monument_10_5.bmp,monument.bmp,0.45,4.333333333333333
monument_10_6.bmp,monument.bmp,0.82,5.761904761904762
mountain.bmp,mountain.bmp,1.0,6.0
mountain_01_1.j2k,mountain.bmp,0.2,0.047619047619047616
mountain_01_2.j2k,mountain.bmp,0.2,0.2857142857142857
mountain_01_3.j2k,mountain.bmp,0.2,0.47619047619047616
mountain_01_4.j2k,mountain.bmp,0.21000000000000002,1.3333333333333333
mountain_01_5.j2k,mountain.bmp,0.29,2.5714285714285716
mountain_02_1.jpg,mountain.bmp,0.2,0.0
mountain_02_2.jpg,mountain.bmp,0.21000000000000002,1.0476190476190477
mountain_02_3.jpg,mountain.bmp,0.27,2.380952380952381
mountain_02_4.jpg,mountain.bmp,0.4,3.238095238095238
mountain_02_5.jpg,mountain.bmp,0.48,4.190476190476191
mountain_02_6.jpg,mountain.bmp,0.5900000000000001,4.904761904761905
mountain_03_1.j2k,mountain.bmp,0.2,0.047619047619047616
mountain_03_2.j2k,mountain.bmp,0.2,0.7142857142857143
mountain_03_3.j2k,mountain.bmp,0.2,0.9047619047619048
mountain_03_4.j2k,mountain.bmp,0.25,1.9523809523809523
mountain_03_5.j2k,mountain.bmp,0.41,3.0952380952380953
mountain_03_6.j2k,mountain.bmp,0.6900000000000001,4.761904761904762
mountain_04_1.j2k,mountain.bmp,0.2,0.047619047619047616
mountain_04_2.j2k,mountain.bmp,0.22000000000000003,1.0952380952380953
mountain_04_3.j2k,mountain.bmp,0.27999999999999997,1.8571428571428572
mountain_04_4.j2k,mountain.bmp,0.37,2.857142857142857
mountain_04_5.j2k,mountain.bmp,0.5700000000000001,3.9523809523809526
mountain_05_1.j2k,mountain.bmp,0.2,0.0
mountain_05_2.j2k,mountain.bmp,0.2,0.19047619047619047
mountain_05_3.j2k,mountain.bmp,0.2,0.7142857142857143
mountain_05_4.j2k,mountain.bmp,0.22000000000000003,1.6666666666666667
mountain_05_5.j2k,mountain.bmp,0.44000000000000006,3.9523809523809526
mountain_06_1.j2k,mountain.bmp,0.2,0.19047619047619047
mountain_06_2.j2k,mountain.bmp,0.21000000000000002,1.3333333333333333
mountain_06_3.j2k,mountain.bmp,0.38,2.9523809523809526
mountain_06_4.j2k,mountain.bmp,0.61,4.9523809523809526
mountain_06_5.j2k,mountain.bmp,0.8,5.619047619047619
mountain_07_1.bmp,mountain.bmp,0.2,0.0
mountain_07_2.bmp,mountain.bmp,0.21000000000000002,1.0476190476190477
mountain_07_3.bmp,mountain.bmp,0.27,2.3333333333333335
mountain_07_4.bmp,mountain.bmp,0.33999999999999997,2.8095238095238093
mountain_07_5.bmp,mountain.bmp,0.5900000000000001,4.333333333333333
mountain_07_6.bmp,mountain.bmp,0.82,5.380952380952381
mountain_08_1.bmp,mountain.bmp,0.2,0.0
mountain_08_2.bmp,mountain.bmp,0.2,0.0
mountain_08_3.bmp,mountain.bmp,0.2,0.0
mountain_08_4.bmp,mountain.bmp,0.2,1.0952380952380953
mountain_09_1.bmp,mountain.bmp,0.2,0.0
mountain_09_2.bmp,mountain.bmp,0.2,0.6666666666666666
mountain_09_3.bmp,mountain.bmp,0.21000000000000002,1.4285714285714286
mountain_09_4.bmp,mountain.bmp,0.22000000000000003,2.238095238095238
mountain_09_5.bmp,mountain.bmp,0.27999999999999997,3.238095238095238
mountain_09_6.bmp,mountain.bmp,0.42000000000000004,4.476190476190476
mountain_10_1.bmp,mountain.bmp,0.2,0.047619047619047616
mountain_10_2.bmp,mountain.bmp,0.2,0.9523809523809523
mountain_10_3.bmp,mountain.bmp,0.2,0.8571428571428571
mountain_10_4.bmp,mountain.bmp,0.21000000000000002,1.7619047619047619
mountain_10_5.bmp,mountain.bmp,0.39,3.380952380952381
mountain_10_6.bmp,mountain.bmp,0.8099999999999999,5.285714285714286
people.bmp,people.bmp,1.0,6.0
people_01_1.j2k,people.bmp,0.2,0.0
people_01_2.j2k,people.bmp,0.2,0.9047619047619048
people_01_3.j2k,people.bmp,0.2,1.3333333333333333
people_01_4.j2k,people.bmp,0.24,2.0476190476190474
people_01_5.j2k,people.bmp,0.36,3.4761904761904763
people_02_1.jpg,people.bmp,0.2,0.0
people_02_2.jpg,people.bmp,0.22999999999999998,1.7619047619047619
people_02_3.jpg,people.bmp,0.37,3.2857142857142856
people_02_4.jpg,people.bmp,0.49000000000000005,4.095238095238095
people_02_5.jpg,people.bmp,0.5700000000000001,4.571428571428571
people_02_6.jpg,people.bmp,0.63,5.238095238095238
people_03_1.j2k,people.bmp,0.2,0.19047619047619047
people_03_2.j2k,people.bmp,0.2,0.9523809523809523
people_03_3.j2k,people.bmp,0.2,1.5238095238095237
people_03_4.j2k,people.bmp,0.27,2.5714285714285716
people_03_5.j2k,people.bmp,0.41,3.8095238095238093
people_03_6.j2k,people.bmp,0.77,5.476190476190476
people_04_1.j2k,people.bmp,0.2,0.0
people_04_2.j2k,people.bmp,0.2,0.9047619047619048
people_04_3.j2k,people.bmp,0.22999999999999998,1.8095238095238095
people_04_4.j2k,people.bmp,0.41,3.4285714285714284
people_04_5.j2k,people.bmp,0.6,4.523809523809524
people_05_1.j2k,people.bmp,0.2,0.0
people_05_2.j2k,people.bmp,0.2,1.2380952380952381
people_05_3.j2k,people.bmp,0.21000000000000002,1.8095238095238095
people_05_4.j2k,people.bmp,0.24,2.4761904761904763
people_05_5.j2k,people.bmp,0.47000000000000003,4.285714285714286
people_06_1.j2k,people.bmp,0.2,0.47619047619047616
people_06_2.j2k,people.bmp,0.22999999999999998,1.8095238095238095
people_06_3.j2k,people.bmp,0.32999999999999996,3.238095238095238
people_06_4.j2k,people.bmp,0.53,4.571428571428571
people_06_5.j2k,people.bmp,0.73,5.523809523809524
people_07_1.bmp,people.bmp,0.2,0.0
people_07_2.bmp,people.bmp,0.21000000000000002,1.5238095238095237
people_07_3.bmp,people.bmp,0.25,2.4285714285714284
people_07_4.bmp,people.bmp,0.33999999999999997,3.619047619047619
people_07_5.bmp,people.bmp,0.5,4.714285714285714
people_07_6.bmp,people.bmp,0.8400000000000001,5.761904761904762
people_08_1.bmp,people.bmp,0.2,0.0
people_08_2.bmp,people.bmp,0.2,0.0
people_08_3.bmp,people.bmp,0.2,0.0
people_08_4.bmp,people.bmp,0.21000000000000002,0.9523809523809523
people_09_1.bmp,people.bmp,0.2,0.0
people_09_2.bmp,people.bmp,0.2,0.5238095238095238
people_09_3.bmp,people.bmp,0.2,1.380952380952381
people_09_4.bmp,people.bmp,0.22000000000000003,2.238095238095238
people_09_5.bmp,people.bmp,0.24,3.0952380952380953
people_09_6.bmp,people.bmp,0.4,4.190476190476191
people_10_1.bmp,people.bmp,0.2,0.5238095238095238
people_10_2.bmp,people.bmp,0.2,0.7619047619047619
people_10_3.bmp,people.bmp,0.2,0.8571428571428571
people_10_4.bmp,people.bmp,0.27999999999999997,2.857142857142857
people_10_5.bmp,people.bmp,0.51,4.476190476190476
people_10_6.bmp,people.bmp,0.61,5.095238095238095
road.bmp,road.bmp,1.0,6.0
road_01_1.j2k,road.bmp,0.2,0.047619047619047616
road_01_2.j2k,road.bmp,0.2,0.14285714285714285
road_01_3.j2k,road.bmp,0.2,0.38095238095238093
road_01_4.j2k,road.bmp,0.22000000000000003,1.8095238095238095
road_01_5.j2k,road.bmp,0.32,3.0
road_02_1.jpg,road.bmp,0.2,0.0
road_02_2.jpg,road.bmp,0.24,1.3333333333333333
road_02_3.jpg,road.bmp,0.31,2.9523809523809526
road_02_4.jpg,road.bmp,0.37,3.619047619047619
road_02_5.jpg,road.bmp,0.5,4.428571428571429
road_02_6.jpg,road.bmp,0.62,5.0
road_03_1.j2k,road.bmp,0.2,0.23809523809523808
road_03_2.j2k,road.bmp,0.21000000000000002,1.2857142857142858
road_03_3.j2k,road.bmp,0.21000000000000002,1.4761904761904763
road_03_4.j2k,road.bmp,0.26,2.857142857142857
road_03_5.j2k,road.bmp,0.47000000000000003,4.095238095238095
road_03_6.j2k,road.bmp,0.72,5.476190476190476
road_04_1.j2k,road.bmp,0.2,0.047619047619047616
road_04_2.j2k,road.bmp,0.21000000000000002,1.0
road_04_3.j2k,road.bmp,0.26,1.6666666666666667
road_04_4.j2k,road.bmp,0.36,3.0
road_04_5.j2k,road.bmp,0.55,4.571428571428571
road_05_1.j2k,road.bmp,0.2,0.047619047619047616
road_05_2.j2k,road.bmp,0.2,0.5714285714285714
road_05_3.j2k,road.bmp,0.21000000000000002,1.0476190476190477
road_05_4.j2k,road.bmp,0.25,2.380952380952381
road_05_5.j2k,road.bmp,0.5,4.190476190476191
road_06_1.j2k,road.bmp,0.2,0.38095238095238093
road_06_2.j2k,road.bmp,0.22000000000000003,1.6666666666666667
road_06_3.j2k,road.bmp,0.33999999999999997,3.2857142857142856
road_06_4.j2k,road.bmp,0.6799999999999999,5.142857142857143
road_06_5.j2k,road.bmp,0.8300000000000001,5.666666666666667
road_07_1.bmp,road.bmp,0.2,0.0
road_07_2.bmp,road.bmp,0.22999999999999998,2.0
road_07_3.bmp,road.bmp,0.31,2.5714285714285716
road_07_4.bmp,road.bmp,0.5,4.095238095238095
road_07_5.bmp,road.bmp,0.73,5.238095238095238
road_07_6.bmp,road.bmp,0.8800000000000001,5.761904761904762
road_08_1.bmp,road.bmp,0.2,0.0
road_08_2.bmp,road.bmp,0.2,0.0
road_08_3.bmp,road.bmp,0.2,0.0
road_08_4.bmp,road.bmp,0.21000000000000002,1.1428571428571428
road_09_1.bmp,road.bmp,0.2,0.0
road_09_2.bmp,road.bmp,0.2,0.7142857142857143
road_09_3.bmp,road.bmp,0.21000000000000002,1.4761904761904763
road_09_4.bmp,road.bmp,0.22999999999999998,2.380952380952381
road_09_5.bmp,road.bmp,0.27,3.380952380952381
road_09_6.bmp,road.bmp,0.43,4.428571428571429
road_10_1.bmp,road.bmp,0.2,0.0
road_10_2.bmp,road.bmp,0.2,0.047619047619047616
road_10_3.bmp,road.bmp,0.2,0.8571428571428571
road_10_4.bmp,road.bmp,0.22000000000000003,2.0952380952380953
road_10_5.bmp,road.bmp,0.36,3.5238095238095237
road_10_6.bmp,road.bmp,0.33999999999999997,3.5714285714285716
stone.bmp,stone.bmp,1.0,6.0
stone_01_1.j2k,stone.bmp,0.2,0.0
stone_01_2.j2k,stone.bmp,0.2,0.23809523809523808
stone_01_3.j2k,stone.bmp,0.2,0.47619047619047616
stone_01_4.j2k,stone.bmp,0.22000000000000003,1.1428571428571428
stone_01_5.j2k,stone.bmp,0.35,2.6666666666666665
stone_02_1.jpg,stone.bmp,0.2,0.0
stone_02_2.jpg,stone.bmp,0.21000000000000002,1.2380952380952381
stone_02_3.jpg,stone.bmp,0.33999999999999997,2.619047619047619
stone_02_4.jpg,stone.bmp,0.44000000000000006,3.5238095238095237
stone_02_5.jpg,stone.bmp,0.5900000000000001,4.095238095238095
stone_02_6.jpg,stone.bmp,0.7,4.904761904761905
stone_03_1.j2k,stone.bmp,0.2,0.14285714285714285
stone_03_2.j2k,stone.bmp,0.2,1.0476190476190477
stone_03_3.j2k,stone.bmp,0.21000000000000002,1.3333333333333333
stone_03_4.j2k,stone.bmp,0.33999999999999997,2.857142857142857
stone_03_5.j2k,stone.bmp,0.5599999999999999,4.0476190476190474
stone_03_6.j2k,stone.bmp,0.78,5.380952380952381
stone_04_1.j2k,stone.bmp,0.2,0.14285714285714285
stone_04_2.j2k,stone.bmp,0.2,0.23809523809523808
stone_04_3.j2k,stone.bmp,0.2,0.8095238095238095
stone_04_4.j2k,stone.bmp,0.31,2.6666666666666665
stone_04_5.j2k,stone.bmp,0.47000000000000003,3.761904761904762
stone_05_1.j2k,stone.bmp,0.2,0.047619047619047616
stone_05_2.j2k,stone.bmp,0.2,0.38095238095238093
stone_05_3.j2k,stone.bmp,0.2,0.5238095238095238
stone_05_4.j2k,stone.bmp,0.2,1.0476190476190477
stone_05_5.j2k,stone.bmp,0.29,2.3333333333333335
stone_06_1.j2k,stone.bmp,0.2,0.6190476190476191
stone_06_2.j2k,stone.bmp,0.26,2.1904761904761907
stone_06_3.j2k,stone.bmp,0.55,3.9047619047619047
stone_06_4.j2k,stone.bmp,0.8300000000000001,5.238095238095238
stone_06_5.j2k,stone.bmp,0.93,5.857142857142857
stone_07_1.bmp,stone.bmp,0.2,0.0
stone_07_2.bmp,stone.bmp,0.24,1.4761904761904763
stone_07_3.bmp,stone.bmp,0.37,2.6666666666666665
stone_07_4.bmp,stone.bmp,0.5,3.857142857142857
stone_07_5.bmp,stone.bmp,0.72,4.9523809523809526
stone_07_6.bmp,stone.bmp,0.86,5.666666666666667
stone_08_1.bmp,stone.bmp,0.2,0.0
stone_08_2.bmp,stone.bmp,0.2,0.0
stone_08_3.bmp,stone.bmp,0.2,0.0
stone_08_4.bmp,stone.bmp,0.2,0.7619047619047619
stone_09_1.bmp,stone.bmp,0.2,0.047619047619047616
stone_09_2.bmp,stone.bmp,0.2,0.6190476190476191
stone_09_3.bmp,stone.bmp,0.2,1.3333333333333333
stone_09_4.bmp,stone.bmp,0.22000000000000003,2.2857142857142856
stone_09_5.bmp,stone.bmp,0.25,3.1904761904761907
stone_09_6.bmp,stone.bmp,0.42000000000000004,4.428571428571429
stone_10_1.bmp,stone.bmp,0.2,0.0
stone_10_2.bmp,stone.bmp,0.2,0.09523809523809523
stone_10_3.bmp,stone.bmp,0.2,0.09523809523809523
stone_10_4.bmp,stone.bmp,0.22999999999999998,1.9047619047619047
stone_10_5.bmp,stone.bmp,0.33999999999999997,2.857142857142857
stone_10_6.bmp,stone.bmp,0.39,3.1904761904761907
tower.bmp,tower.bmp,1.0,6.0
tower_01_1.j2k,tower.bmp,0.2,0.047619047619047616
tower_01_2.j2k,tower.bmp,0.2,0.47619047619047616
tower_01_3.j2k,tower.bmp,0.2,1.1904761904761905
tower_01_4.j2k,tower.bmp,0.22999999999999998,2.0476190476190474
tower_01_5.j2k,tower.bmp,0.38,3.380952380952381
tower_02_1.jpg,tower.bmp,0.2,0.0
tower_02_2.jpg,tower.bmp,0.25,1.4761904761904763
tower_02_3.jpg,tower.bmp,0.37,2.857142857142857
tower_02_4.jpg,tower.bmp,0.47000000000000003,3.7142857142857144
tower_02_5.jpg,tower.bmp,0.55,4.238095238095238
tower_02_6.jpg,tower.bmp,0.62,4.857142857142857
tower_03_1.j2k,tower.bmp,0.2,0.19047619047619047
tower_03_2.j2k,tower.bmp,0.22000000000000003,1.5714285714285714
tower_03_3.j2k,tower.bmp,0.25,2.0952380952380953
tower_03_4.j2k,tower.bmp,0.38,3.0952380952380953
tower_03_5.j2k,tower.bmp,0.54,4.380952380952381
tower_03_6.j2k,tower.bmp,0.82,5.714285714285714
tower_04_1.j2k,tower.bmp,0.2,0.047619047619047616
tower_04_2.j2k,tower.bmp,0.2,1.0
tower_04_3.j2k,tower.bmp,0.22000000000000003,1.8095238095238095
tower_04_4.j2k,tower.bmp,0.41,3.142857142857143
tower_04_5.j2k,tower.bmp,0.55,4.142857142857143
tower_05_1.j2k,tower.bmp,0.2,0.0
tower_05_2.j2k,tower.bmp,0.2,0.9523809523809523
tower_05_3.j2k,tower.bmp,0.21000000000000002,1.4285714285714286
tower_05_4.j2k,tower.bmp,0.24,2.4285714285714284
tower_05_5.j2k,tower.bmp,0.36,3.4285714285714284
tower_06_1.j2k,tower.bmp,0.2,1.0476190476190477
tower_06_2.j2k,tower.bmp,0.29,2.6666666666666665
tower_06_3.j2k,tower.bmp,0.45999999999999996,4.0476190476190474
tower_06_4.j2k,tower.bmp,0.76,5.285714285714286
tower_06_5.j2k,tower.bmp,0.9099999999999999,5.904761904761905
tower_07_1.bmp,tower.bmp,0.2,0.0
tower_07_2.bmp,tower.bmp,0.26,1.8571428571428572
tower_07_3.bmp,tower.bmp,0.37,2.9523809523809526
tower_07_4.bmp,tower.bmp,0.5,3.9523809523809526
tower_07_5.bmp,tower.bmp,0.62,5.0
tower_07_6.bmp,tower.bmp,0.85,5.714285714285714
tower_08_1.bmp,tower.bmp,0.2,0.0
tower_08_2.bmp,tower.bmp,0.2,0.09523809523809523
tower_08_3.bmp,tower.bmp,0.2,0.14285714285714285
tower_08_4.bmp,tower.bmp,0.2,0.9523809523809523
tower_09_1.bmp,tower.bmp,0.2,0.0
tower_09_2.bmp,tower.bmp,0.2,0.6190476190476191
tower_09_3.bmp,tower.bmp,0.2,1.2857142857142858
tower_09_4.bmp,tower.bmp,0.22000000000000003,2.0
tower_09_5.bmp,tower.bmp,0.26,3.0476190476190474
tower_09_6.bmp,tower.bmp,0.41,4.0
tower_10_1.bmp,tower.bmp,0.2,0.047619047619047616
tower_10_2.bmp,tower.bmp,0.2,0.23809523809523808
tower_10_3.bmp,tower.bmp,0.2,0.38095238095238093
tower_10_4.bmp,tower.bmp,0.27999999999999997,2.0952380952380953
tower_10_5.bmp,tower.bmp,0.7,4.9523809523809526
tower_10_6.bmp,tower.bmp,0.5700000000000001,4.714285714285714
water.bmp,water.bmp,1.0,6.0
water_01_1.j2k,water.bmp,0.2,0.0
water_01_2.j2k,water.bmp,0.2,0.8571428571428571
water_01_3.j2k,water.bmp,0.22000000000000003,1.7619047619047619
water_01_4.j2k,water.bmp,0.27999999999999997,2.4761904761904763
water_01_5.j2k,water.bmp,0.47000000000000003,3.619047619047619
water_02_1.jpg,water.bmp,0.2,0.0
water_02_2.jpg,water.bmp,0.22999999999999998,1.6666666666666667
water_02_3.jpg,water.bmp,0.32,2.7142857142857144
water_02_4.jpg,water.bmp,0.42000000000000004,3.619047619047619
water_02_5.jpg,water.bmp,0.47000000000000003,4.285714285714286
water_02_6.jpg,water.bmp,0.62,4.857142857142857
water_03_1.j2k,water.bmp,0.2,0.0
water_03_2.j2k,water.bmp,0.2,0.7619047619047619
water_03_3.j2k,water.bmp,0.2,1.0
water_03_4.j2k,water.bmp,0.27999999999999997,2.2857142857142856
water_03_5.j2k,water.bmp,0.44000000000000006,3.3333333333333335
water_03_6.j2k,water.bmp,0.6900000000000001,5.0476190476190474
water_04_1.j2k,water.bmp,0.2,0.0
water_04_2.j2k,water.bmp,0.22999999999999998,1.619047619047619
water_04_3.j2k,water.bmp,0.3,2.4761904761904763
water_04_4.j2k,water.bmp,0.42000000000000004,3.4285714285714284
water_04_5.j2k,water.bmp,0.48,4.142857142857143
water_05_1.j2k,water.bmp,0.2,0.0
water_05_2.j2k,water.bmp,0.2,0.8571428571428571
water_05_3.j2k,water.bmp,0.22000000000000003,1.2380952380952381
water_05_4.j2k,water.bmp,0.22999999999999998,2.0
water_05_5.j2k,water.bmp,0.41,3.6666666666666665
water_06_1.j2k,water.bmp,0.2,1.3333333333333333
water_06_2.j2k,water.bmp,0.27999999999999997,2.8095238095238093
water_06_3.j2k,water.bmp,0.5,4.285714285714286
water_06_4.j2k,water.bmp,0.7,5.285714285714286
water_06_5.j2k,water.bmp,0.85,5.666666666666667
water_07_1.bmp,water.bmp,0.2,0.0
water_07_2.bmp,water.bmp,0.22999999999999998,1.380952380952381
water_07_3.bmp,water.bmp,0.27999999999999997,2.4761904761904763
water_07_4.bmp,water.bmp,0.39,3.3333333333333335
water_07_5.bmp,water.bmp,0.61,4.428571428571429
water_07_6.bmp,water.bmp,0.78,5.238095238095238
water_08_1.bmp,water.bmp,0.2,0.0
water_08_2.bmp,water.bmp,0.2,0.0
water_08_3.bmp,water.bmp,0.2,0.0
water_08_4.bmp,water.bmp,0.2,0.9047619047619048
water_09_1.bmp,water.bmp,0.2,0.047619047619047616
water_09_2.bmp,water.bmp,0.2,0.7142857142857143
water_09_3.bmp,water.bmp,0.21000000000000002,1.4285714285714286
water_09_4.bmp,water.bmp,0.22000000000000003,2.3333333333333335
water_09_5.bmp,water.bmp,0.27,3.2857142857142856
water_09_6.bmp,water.bmp,0.44000000000000006,4.523809523809524
water_10_1.bmp,water.bmp,0.2,0.47619047619047616
water_10_2.bmp,water.bmp,0.2,0.8095238095238095
water_10_3.bmp,water.bmp,0.22000000000000003,1.2380952380952381
water_10_4.bmp,water.bmp,0.26,2.142857142857143
water_10_5.bmp,water.bmp,0.27,2.0952380952380953
water_10_6.bmp,water.bmp,0.35,3.238095238095238
